<?xml version="1.0" encoding="UTF-8"?>
<!DOCTYPE mapper
        PUBLIC "-//mybatis.org//DTD Mapper 3.0//EN"
        "http://mybatis.org/dtd/mybatis-3-mapper.dtd">
<mapper namespace="com.sy.dormitorysystemspring.mapper.BuildingMapper">

    <resultMap id="BaseResultMap" type="com.sy.dormitorysystemspring.pojo.Building">
            <id property="id" column="id" jdbcType="BIGINT"/>
            <result property="dormNum" column="dorm_num" jdbcType="INTEGER"/>
            <result property="address" column="address" jdbcType="VARCHAR"/>
            <result property="gender" column="gender" jdbcType="TINYINT"/>
            <result property="name" column="name" jdbcType="VARCHAR"/>
    </resultMap>

    <sql id="Base_Column_List">
        id,dorm_num,address,
        gender,name
    </sql>
</mapper>
