<?xml version="1.0" encoding="UTF-8"?>
<!DOCTYPE mapper
        PUBLIC "-//mybatis.org//DTD Mapper 3.0//EN"
        "http://mybatis.org/dtd/mybatis-3-mapper.dtd">
<mapper namespace="com.sy.dormitorysystemspring.mapper.DormManageMapper">

    <resultMap id="BaseResultMap" type="com.sy.dormitorysystemspring.pojo.DormManage">
            <result property="id" column="id" jdbcType="BIGINT"/>
            <result property="password" column="password" jdbcType="VARCHAR"/>
            <result property="name" column="name" jdbcType="VARCHAR"/>
            <result property="gender" column="gender" jdbcType="TINYINT"/>
            <result property="identificationNumber" column="identification_number" jdbcType="VARCHAR"/>
            <result property="birth" column="birth" jdbcType="DATE"/>
            <result property="origin" column="origin" jdbcType="VARCHAR"/>
            <result property="telephone" column="telephone" jdbcType="VARCHAR"/>
            <result property="entryDay" column="entry_day" jdbcType="DATE"/>
            <result property="version" column="version" jdbcType="INTEGER"/>
            <result property="idDeleted" column="id_deleted" jdbcType="INTEGER"/>
    </resultMap>

    <sql id="Base_Column_List">
        id,password,name,
        gender,identification_number,birth,
        origin,telephone,entry_day,
        version,id_deleted
    </sql>
</mapper>
