<?xml version="1.0" encoding="UTF-8"?>
<!DOCTYPE mapper
        PUBLIC "-//mybatis.org//DTD Mapper 3.0//EN"
        "http://mybatis.org/dtd/mybatis-3-mapper.dtd">
<mapper namespace="com.sy.dormitorysystemspring.mapper.DormMapper">

    <resultMap id="BaseResultMap" type="com.sy.dormitorysystemspring.pojo.Dorm">
            <id property="id" column="id" jdbcType="BIGINT"/>
            <result property="personNum" column="person_num" jdbcType="INTEGER"/>
            <result property="address" column="address" jdbcType="VARCHAR"/>
            <result property="buildingId" column="building_id" jdbcType="BIGINT"/>
            <result property="type" column="type" jdbcType="INTEGER"/>
            <result property="version" column="version" jdbcType="INTEGER"/>
            <result property="isDeleted" column="is_deleted" jdbcType="INTEGER"/>
            <result property="gender" column="gender" jdbcType="TINYINT"/>
    </resultMap>

    <sql id="Base_Column_List">
        id,person_num,address,
        building_id,type,version,
        is_deleted,gender
    </sql>
</mapper>
