<?xml version="1.0" encoding="UTF-8"?>
<!DOCTYPE mapper
        PUBLIC "-//mybatis.org//DTD Mapper 3.0//EN"
        "http://mybatis.org/dtd/mybatis-3-mapper.dtd">
<mapper namespace="com.sy.dormitorysystemspring.mapper.OrderMapper">

    <resultMap id="BaseResultMap" type="com.sy.dormitorysystemspring.pojo.Order">
            <id property="id" column="id" jdbcType="BIGINT"/>
            <result property="type" column="type" jdbcType="VARCHAR"/>
            <result property="studentId" column="student_id" jdbcType="BIGINT"/>
            <result property="amount" column="amount" jdbcType="INTEGER"/>
            <result property="time" column="time" jdbcType="TIMESTAMP"/>
            <result property="status" column="status" jdbcType="INTEGER"/>
            <result property="version" column="version" jdbcType="INTEGER"/>
            <result property="isDeleted" column="is_deleted" jdbcType="INTEGER"/>
    </resultMap>

    <sql id="Base_Column_List">
        id,type,student_id,
        amount,time,status,
        version,is_deleted
    </sql>
</mapper>
