<?xml version="1.0" encoding="UTF-8"?>
<!DOCTYPE mapper
        PUBLIC "-//mybatis.org//DTD Mapper 3.0//EN"
        "http://mybatis.org/dtd/mybatis-3-mapper.dtd">
<mapper namespace="com.sy.dormitorysystemspring.mapper.SchedulingMapper">

    <resultMap id="BaseResultMap" type="com.sy.dormitorysystemspring.pojo.Scheduling">
            <id property="id" column="id" jdbcType="BIGINT"/>
            <result property="dormManageId" column="dorm_manage_id" jdbcType="BIGINT"/>
            <result property="buildingId" column="building_id" jdbcType="BIGINT"/>
            <result property="startTime" column="start_time" jdbcType="DATE"/>
            <result property="endTime" column="end_time" jdbcType="DATE"/>
    </resultMap>

    <sql id="Base_Column_List">
        id,dorm_manage_id,building_id,
        start_time,end_time
    </sql>
</mapper>
