<?xml version="1.0" encoding="UTF-8"?>
<!DOCTYPE mapper
        PUBLIC "-//mybatis.org//DTD Mapper 3.0//EN"
        "http://mybatis.org/dtd/mybatis-3-mapper.dtd">
<mapper namespace="com.sy.dormitorysystemspring.mapper.StudentMapper">

    <resultMap id="BaseResultMap" type="com.sy.dormitorysystemspring.pojo.Student">
            <result property="id" column="id" jdbcType="BIGINT"/>
            <result property="password" column="password" jdbcType="VARCHAR"/>
            <result property="name" column="name" jdbcType="VARCHAR"/>
            <result property="identificationNumber" column="identification_number" jdbcType="VARCHAR"/>
            <result property="birth" column="birth" jdbcType="DATE"/>
            <result property="origin" column="origin" jdbcType="VARCHAR"/>
            <result property="telephone" column="telephone" jdbcType="VARCHAR"/>
            <result property="professional" column="professional" jdbcType="VARCHAR"/>
            <result property="status" column="status" jdbcType="INTEGER"/>
            <result property="gender" column="gender" jdbcType="TINYINT"/>
            <result property="isDeleted" column="is_deleted" jdbcType="INTEGER"/>
            <result property="version" column="version" jdbcType="INTEGER"/>
            <result property="dormId" column="dorm_id" jdbcType="BIGINT"/>
    </resultMap>

    <sql id="Base_Column_List">
        id,password,name,
        identification_number,birth,origin,
        telephone,professional,status,
        gender,is_deleted,version,
        dorm_id
    </sql>
</mapper>
