<?xml version="1.0" encoding="UTF-8"?>
<!DOCTYPE mapper
        PUBLIC "-//mybatis.org//DTD Mapper 3.0//EN"
        "http://mybatis.org/dtd/mybatis-3-mapper.dtd">
<mapper namespace="com.sy.dormitorysystemspring.mapper.VisitorMapper">

    <resultMap id="BaseResultMap" type="com.sy.dormitorysystemspring.pojo.Visitor">
            <result property="id" column="id" jdbcType="BIGINT"/>
            <result property="name" column="name" jdbcType="VARCHAR"/>
            <result property="gender" column="gender" jdbcType="TINYINT"/>
            <result property="startDay" column="start_day" jdbcType="DATE"/>
            <result property="endDay" column="end_day" jdbcType="DATE"/>
            <result property="cause" column="cause" jdbcType="VARCHAR"/>
            <result property="studentId" column="student_id" jdbcType="BIGINT"/>
            <result property="version" column="version" jdbcType="INTEGER"/>
            <result property="isDeleted" column="is_deleted" jdbcType="INTEGER"/>
    </resultMap>

    <sql id="Base_Column_List">
        id,name,gender,
        start_day,end_day,cause,
        student_id,version,is_deleted
    </sql>
</mapper>
